mysql> show tables;
+-------------------------------+
| Tables_in_freelancer_platform |
+-------------------------------+
| client                        |
| contract                      |
| contract_skill                |
| freelancer                    |
| freelancer_skill              |
| project                       |
| review                        |
| skill                         |
| users                         |
+-------------------------------+
9 rows in set (0.01 sec)

mysql> select * from client;
+-----------+---------+--------------+------------+----------------+----------+
| client_id | user_id | full_name    | phone      | company_name   | location |
+-----------+---------+--------------+------------+----------------+----------+
|         1 |       1 | Ankita Kadam | 9876543210 | Tech Solutions | Pune     |
+-----------+---------+--------------+------------+----------------+----------+
1 row in set (0.00 sec)

mysql> select * from contract;
+-------------+-----------+---------------+------------+------------+---------------------+
| contract_id | client_id | freelancer_id | project_id | start_date | created_at          |
+-------------+-----------+---------------+------------+------------+---------------------+
|           1 |         1 |             1 |          1 | 2025-01-10 | 2025-12-22 04:52:27 |
|           2 |         1 |             2 |          2 | 2025-01-15 | 2025-12-22 04:52:27 |
+-------------+-----------+---------------+------------+------------+---------------------+
2 rows in set (0.00 sec)

mysql> select * from contract_skill;
+-------------+----------+---------------------+
| contract_id | skill_id | created_at          |
+-------------+----------+---------------------+
|           1 |        1 | 2025-12-22 04:52:33 |
|           1 |        2 | 2025-12-22 04:52:33 |
|           1 |        3 | 2025-12-22 04:52:33 |
|           2 |        4 | 2025-12-22 04:52:33 |
|           2 |        5 | 2025-12-22 04:52:33 |
+-------------+----------+---------------------+
5 rows in set (0.00 sec)

mysql> select * from freelancer;
+---------------+---------+-------------+---------------------+--------------+
| freelancer_id | user_id | hourly_rate | created_at          | full_name    |
+---------------+---------+-------------+---------------------+--------------+
|             1 |       2 |         600 | 2025-12-22 04:51:17 | Rahul Sharma |
|             2 |       3 |         750 | 2025-12-22 04:51:17 |              |
+---------------+---------+-------------+---------------------+--------------+
2 rows in set (0.00 sec)

mysql> select * from freelancer_skill;
+---------------+----------+------------+
| freelancer_id | skill_id | skill_name |
+---------------+----------+------------+
|             1 |        1 | NULL       |
|             1 |        2 | NULL       |
|             1 |        3 | NULL       |
|             2 |        4 | NULL       |
|             2 |        5 | NULL       |
+---------------+----------+------------+
5 rows in set (0.00 sec)

mysql> select * from project;
+------------+-----------+--------------------+----------------------------------+--------+---------+---------------------+
| project_id | client_id | title              | description                      | budget | status  | created_at          |
+------------+-----------+--------------------+----------------------------------+--------+---------+---------------------+
|          1 |         1 | Freelancer Website | Build a freelancer marketplace   |  50000 | CREATED | 2025-12-22 04:52:22 |
|          2 |         1 | Portfolio Website  | Personal portfolio for developer |  20000 | CREATED | 2025-12-22 04:52:22 |
+------------+-----------+--------------------+----------------------------------+--------+---------+---------------------+
2 rows in set (0.00 sec)

mysql> select * from review;
+-----------+-------------+--------+-----------------------------------+
| review_id | contract_id | rating | comment                           |
+-----------+-------------+--------+-----------------------------------+
|         1 |           1 |      5 | Excellent work, delivered on time |
|         2 |           2 |      4 | Good quality, minor delays        |
+-----------+-------------+--------+-----------------------------------+
2 rows in set (0.00 sec)

mysql> select * from users;
+---------+-----------------------+------------+------------+--------+---------------------+
| user_id | email                 | password   | role       | status | created_at          |
+---------+-----------------------+------------+------------+--------+---------------------+
|       1 | client1@gmail.com     | client@123 | CLIENT     | ACTIVE | 2025-12-22 04:51:04 |
|       2 | freelancer1@gmail.com | free@123   | FREELANCER | ACTIVE | 2025-12-22 04:51:04 |
|       3 | freelancer2@gmail.com | free@456   | FREELANCER | ACTIVE | 2025-12-22 04:51:04 |
+---------+-----------------------+------------+------------+--------+---------------------+
3 rows in set (0.00 sec)

mysql> select * from skill;
+----------+-------------+
| skill_id | skill_name  |
+----------+-------------+
|        1 | Java        |
|        3 | MySQL       |
|        5 | Python      |
|        4 | React       |
|        2 | Spring Boot |
+----------+-------------+
5 rows in set (0.00 sec)

mysql>
